Concept;Question class;Question type;Question content;Answer;Alternative 1;Alternative 2;Alternative 3;Explanation;Difficulty rating (</= 20)
Setting spending limits and budgeting;Seed;MC;Iyini ibhajethi?;Uhlelo lokusebenzisa nokuwonga imali;i{List} yesikweletu;Isikweletu esikhethekile;i{List} yezindleko kuphela;Ibhajethi uhlelo lokusebenzisa nokuwonga imali isikhathi esithize. Ikusiza ukugcina ukusebenza komholo wakho, ukonga kwakho nokusebenzisa imali manje nakusasa;4
Setting spending limits and budgeting;Retention;MC;Kungani abantu basebenzisa amabhajethi?;Ukubasiza ukugcina ukusebenza kwemali yabo;Ukubasiza ukumosha imali;Ukwenza esinye isikweletu;Ukulahlekelwa imali;Abantu benza amabhajethi ukubasiza ukugcina ukusebenza kwemali. Amabhajethi abantu ukubona ukuthi bahola malini kanti basebenzisa malini, nokuthi bangakwazi ukusebenzisa malini kusasa;8
Setting spending limits and budgeting;Retention;T/F;Ungaba nebhajethi yesikhathi esifishane nesikhathi eside.;Iqiniso;Amanga;;;Ungaba nebhajethi yesikhathi esifishane (ngokuvamile unyaka noma ngaphansi) nebhajethi yesikhathi eside (ngokuvamile ngaphezulu konyaka);8
Setting spending limits and budgeting;Retention;MC-AOTA;Ungayenzela kuphi bese uyigcine kuphi ibhajethi yakho?;Zonke ezibaliwe;Ku {cellphone} noma i{computer};Encwadini noma ku {notepad};Nge {App} noma nge {program} ye {computer};Kunezindlela eziningi zokwenza nokugcina ibhajethi. Ungasebenzisa ifone yakho, i{notepad} ku {computer}, i{App} noma i{program} ye {computer}. Ungasebenzisa incwadi noma i{notepad};10
Setting spending limits and budgeting;Retention;Y/N;Ngabe kunenhlobo eyodwa yebhajethi?;Cha;Yebo;;;Kunezinhlobo eziningi ezihlukile zamabhajethi. Kufanele usebenzise ibhajethi ehambelana nezidingo nezinhloso zakho zemali;9
Setting spending limits and budgeting;Application;MC;Ungenzani uma ufuna ukugcina ukusebenza kwemali yakho?;Ibhajethi;Isikweletu;i{Credit score};i{Overdraft};Ibhajethi ingakuzisa ukugcina ukusebenza kwemali yakho. Abantu basebenzisa amabhajethi ukubasiza ukonga, ibasiza ukusebenzisa imali ephansi noma ibasiza ukufikela izinhloso ezithize;15
Setting spending limits and budgeting;Seed;MC-AOTA;Ukwenza ibhajethi, ngokujwayelekile kufanele uwazi:;Zonke ezibaliwe;Umholo wenyanga ophelele;Izindleko zonke eziphelele;Umholo wakho osele;Ukwenza ibhajethi, kufanele uwazi umholo wenyanga ophelele (umholo ngemuva kwama-deductions), izindleko zonke nomholo osalayo;5
Setting spending limits and budgeting;Retention;MC;Uma ufuna ukuhlanganisa izindleko zakho, kumele ubheke ini?;Izikweletu, ama {bank statement} nama {receipt};i{Payslip} yakho;i{Tax certificate} yakho;Izindleko zendlu yakho kuphela;Kunezindleko eziningi ezihlukile. Ukuthola izindleko zakho ngempela, udinga ukubheka izikweletu (ugesi, amanzi, TV), ama {bank statement} nama {receipts} (ukudla, ezimpahla, no {petrol});9
Setting spending limits and budgeting;Retention;T/F;i{Discretionary income} imali esele ngemuva kokukhokha zonke izindleko zakho;Iqiniso;Amanga;;;i{Discretionary income} imali esele kumholo wakho ngemuva kokukhokha zonke izindleko zakho ezidingekayo;8
Setting spending limits and budgeting;Retention;MC;Umangabe une {discretionary income} ungayisebenzisa ukwenza ini?;Bhadala isikweletu noma uyonge ({save});Wenza esinye isikweletu;Umoshe imali;Uwonge imali encane;Umangabe une {discretionary income} ungabhajetha ukusebenzisa leyo mali ukukhokha isikweletu noma uyonge;9
Setting spending limits and budgeting;Retention;MC;Yini i{shortfall} ye bhajethi?;Ibhajethi yakho ayilingani zonke izindleko zakho;Awunazo izindleko;Ibhajethi ilingana zonke izindleko zakho;Uwonga imali;i{Shortfall} yebhajethi ilapho ibhajethi ingalingani izindleko zonke ({budget shortfall}). Lokhu kubangwa izindleko eziningi noma izikweletu, ezikucindezela ngokwezimali;10
Setting spending limits and budgeting;Retention;MC;Yini engabangela i{shortfall} yebhajethi?;Uma unezindleko eziningi noma izikweletu;Uma wonga imali eningi;Uma ungenazo izindleko noma izikweletu;Uma unomholo owanele;Ngokujwayelekile i{shortfall} yebhajethi ibangwa izindleko eziningi noma izikweletu. lzikweletu nezindleko eziningi zingaqeda umholo wakho bese zikucindezela ngokwezimali;10
Setting spending limits and budgeting;Retention;MC;Uma une {shortfall} yebhajethi, kufanele wenzeni?;Zama ukwehlisa izindleko zakho;Zama ukusebenzisa imali eningi;Zama ukumosha imali eningi;Zama ukwenza esinye isikweletu;Uma une {shortfall} yebhajethi, kufanele uzame ukwehlisa izindleko zakho (sebenzisa imali kuzidingo kuphela), ukuze umholo wakho nebhajethi ulingane izindleko zonke;10
Setting spending limits and budgeting;Application;MC;Uma ufuna ukwenza ibhajethi, yini okufanele uyizwisise?;Umholo nezindleko zakho;Umholo wabangani bakho;Umholo wakho ophelele;Okuqagelayo ukuthi izindleko zakho;Ukwenza ibhajethi, udinga ukwazi ukuthi umholo wakho wenyanga uyini. Udinga ukwazi futhi izindleko zakho eziphelele nemali yomholo esele;15
Setting spending limits and budgeting;Application;MC;Yini ongafanele uyenze uma une {shortfall} yebhajethi?;Uboleke enye futhi imali;Zama ukunciphisa izindleko zakho;Zama ukungamoshi imali eningi;Zama ukusebenzisa imali encani;Uma une {shortfall} yebhajethi, kufanele uzame ukunciphisa izindleko zakho, ukuze umholo wakho ulingane izindleko zonke. Ukusebenzisa imali ngokuqaphela kungasiza ukuvikela i{shortfall} yebhajethi;16
Setting spending limits and budgeting;Seed;MC;Yini {{subtraction budgeting}}?;Indlela elula yokubhajetha;Indlela yokwenza isikweletu;Indlela yokulahlekelwa imali;Uhlobo lwe{Credit};i{Subtraction budgeting} indlela yokubhajetha lapho ukhipha izindleko zakho nemali oyongayo kumholo wakho. Kunezindlela ezinye zokubhajetha kodwa kufanele uthole efanele wena kangcono;5
Setting spending limits and budgeting;Retention;MC;Uyenza kanjani i{subtraction budget}?;Khipha izindleko nemali oyongayo kumholo wakho;Khipha imali oyongayo kumholo ophelele;Khipha umholo ophelele kuzindleko;Unganaki izindleko zonke;i{Subtraction budgeting} uhlobo lokubhajetha lapho ubheka imali esele onayo ngokukhipha izindleko zonke, nenani lemali ofuna ukuyonga kumholo wakho.;9
Setting spending limits and budgeting;Retention;MC;Ukwenza i{subtraction budgeting}, udinga ukwazi izindleko zonke, umholo wakho kanye nani futhi?;Inani lemali ofuna ukuyonga;Izindleko zonke kuphela;Umholo ophelele kuphela;Umholo osele kuphela;Ukwenza i{subtraction budgeting}, udinga ukwazi inani lemali ofuna ukuyonga. Udinga ukwazi futhi izindleko zonke nomholo wakho;9
Setting spending limits and budgeting;Retention;MC;Kufanele wonge malini?;Okubonakala kulungile kuwe;Umholo wakho wonke;Okuncani okungenzeka;uHhafu ({half}) womholo wakho;Okongayo kufanele kubonakale kulungile kuwe. Zama ukungongi kancane noma okuningi kakhulu. Ngesinye isikhathi ukuzama ukonga wonke noma uhhafu ({half}) womholo wakho kungakucindezela ngokwezimali;10
Setting spending limits and budgeting;Retention;T/F;i{Subtraction budgeting} iyona indlela elungile yokubhajetha kuphela;Amanga;Iqiniso;;;Kunezindlela eziningi ezihlukile zokubhajetha kanti i{subtraction budgeting} ngenye yazo. Udinga ukuthola indlela yokubhajetha efanele wena;11
Setting spending limits and budgeting;Application;MC-AOTA;Ukwenza i{subtraction budgeting} udinga ukwazi ini?;Zonke ezibaliwe;Izindleko zakho;Umholo wakho ophelele;Inani lemali ofuna ukuyonga;Ukwenza i{subtraction budgeting}, udinga ukwazi izindleko zonke, umholo nenani lemali ongathanda ukuyonga njalo ngenyanga;15
Setting spending limits and budgeting;Seed;MC;Yini indlela ye 50-20-30?;Indlela yoku bhajetha;Indlela yokuthola enye i{credit};Indlela yokwenza esinye isikweletu;Indlela yokumosha imali;i-50-20-30 indlela yokubhajetha. Ingenye yezindlela ezihlukile zokubhajetha;5
Setting spending limits and budgeting;Retention;MC-AOTA;Ngokusho kwendlela ye 50-20-30, kufanele uhlukanise umholo wakho kanjani?;Zonke ezibaliwe;20% yokonga;50% yezidingo;30% yokusebenzisa imali esele;Ngokusho kwendlela ye 50-20-30, 20% yomholo kufanele uwonge. u 50% kufanele kube owezidingo, ekushiya ne 30% yanoma yini oyithandayo (ukusebenzisa imali esele);9
Setting spending limits and budgeting;Retention;MC;Ngokusho kwendlela ye 50-20-30, kufanele usebenzise malini kuzidingo?;Ukuya ku 50% womholo wakho;Cishe u 70% yomholo wakho;Cishe u 30% yomholo wakho;Cishe u 10% yomholo wakho;Ngokusho kwendlela ye 50-20-30, kufanele ubuningi be 50% yomholo uye kuzidingo zakho (izinto ongakwazi ukuphila ngaphandle kwazo njenge {rent}, {mortgage}, ukudla, amanzi nogesi);11
Setting spending limits and budgeting;Retention;MC;Ngokusho kwendlela ye 50-20-30, kufanele wonge malini?;Cishe nje u 20% womholo wakho;Cishe u 90% womholo wakho;Cishe u 5% womholo wakho;u 0% womholo wakho;Ngokusho kwendlela ye 50-20-30, kufanele wonge cishe nje u 20% womholo wakho. Lokhu kungasetshenziswa kuzimo ezisheshayo nokuhlela ikusasa;11
Setting spending limits and budgeting;Retention;MC;Ngokusho kwendlela ye-50-20-30, kufanele usebenzise malini kuzinto ozifunayo?;u 30%;u 50%;u 70%;u 5%;Ngokusho kwendlela ye 50-20-30, kufanele usebenzise u 30% womholo wakho kuzinto ozifunayo (izinto okwazi ukuphila ngaphandle kwazo);11
Setting spending limits and budgeting;Retention;MC;Ungakwazi ukusebenzisa imali oyongile ukwenza ini?;Ukusiza ukukhokha izikweletu;Ukuthenga ezinye izimpahla;Ukumosha imali kuzinto ongazidingi;Ukwenza esinye isikweletu;Ungakwazi ukusebenzisa imali oyongile ukusiza ukukhokha izikweletu onazo. Lokhu kuyokusiza ukonga kakhulu kusasa ngoba uzokhokha izikweletu ezimbalwa;10
Setting spending limits and budgeting;Application;MC;Cishe kufanele usebenzise ubuningi bemali engakanani yomholo kuzidingo zakho?;uHhafu ({half});u 100%;u 0%;u 10%;Ngokusho kwendlela ye-50-20-30, kufanele usebenzise uhhafu ({half}) noma u 50% womholo wakho kuzidingo zakho (izinto ongakwazi ukuphila ngaphandle kwazo).;16
Setting spending limits and budgeting;Seed;MC;Yini ongayi sebenzisa nebhajethi ukukusiza ukusebenzisa imali ngendlela ehlakaniphile?;i{Limit} emalini ongayisebenzisa;lsikweletu;i{Credit};i{Budget shortfall};Amabhajeti kanye nokusebenzisa i{limit} emalini kungakusiza ukuthenga ngokuhlakanipha. Kuyakusiza ukuba nombono ocacile ngobuningi bemali ofanele kanye noyisebenzisayo uma uthenga;4
Setting spending limits and budgeting;Retention;MC;Kuyini ukusebenzisa i{limit} emalini?;Imali eningi awukwazi ukuyisebenzisa;lmali encane awukwazi ukuyisebenzisa;Uma unesikweletu;Uma udinga ukusebenzisa i{Credit};Ukusebenzisa i{limit} emalini kuyimali eningi ongayisebenzisa ngesikhathi esithize (ilanga, iviki, inyanga);8
Setting spending limits and budgeting;Retention;MC;Ungenza ukusebenzisa i{limit} emalini kuphi?;Kuma {bank card};Ama {Tax certificate};Ama {voucher};lzikweletu;Ungenza ukusebenzisa i{limit} emalini kuma {bank card} wakho ({credit} ne {debit}). Ukusebenzisa i{limit} emalini kubalulekile ngoba kungaqiniseka ukuthi awusebenzisi imali eningi nge {card};9
Setting spending limits and budgeting;Retention;Y/N;Ungakwazi ukusebenzisa i{limit} emalini uma usebenzisa imali?;Yebo;Cha;;;Ungenza ukusebenzisa i{limit} emalini uma usebenza ngemali, nakuba uzodinga ukubona ukusebenzisa kwakho imali hayi i{bank};9
Setting spending limits and budgeting;Acquisition;MC;Uma uvimbezelwe ukusebenzisa enye imali kunenani elithize ekhadini lakho, une____________;{Spending limit};{Debt limit};{Money limit};{Savings limit};i{Spending limit} iwubuningi benani lemali ongayisebenzisasikhathine esithize. Ungenza ama {spending limit} kuma {credit} nama {debit cards} wakho, kanti nasemalini ekuwe;15
Setting spending limits and budgeting;Seed;MC;lngabe kufanele wenzeni uma ubeka ama {spending limit} emalini oyisebenzisayo?;Zithembe nokuba neqiniso kuwe;Zama ukusebenzisa imali eningi ngokwenzeka;lba nenhloso yokusebenzisa yonke imali yakho;Ukungabi neqiniso nokusebenzisa kwakho imali;Uma ubeka ama {spending limit}, udinga ukuthembeka nokuba neqiniso kuwe mayelana nobuningi bemali oyisebenzisayo, ongayonga kanye nesikweletu ofanele ukusikhokha;5
Setting spending limits and budgeting;Retention;MC;Kungani kubalulekile ukwethembeka kanye nokuba neqiniso kuwe uma ubeka ama {spending limit}?;Angeke ubeke ama {limit} aphezulu noma aphansi kakhulu;Uyokwenza isikweletu;Uyomosha imali;Uyolahlekelwa imali;Ukuba neqiniso nokwethembeka uma ubeka ama {spending limit}, kungasiza ukuvikela ukubeka ama {spending limit} aphezulu noma aphansi kakhulu;9
Setting spending limits and budgeting;Retention;MC;Yini ofanele uyibheke uma ubeka ama {spending limit}?;Umkhuba wakho wokusebenzisa imali;lmali esetshenziswa nabangani bakho;lmali esetshenziswa namalunga omndeni wakho;lmali ocabanga ukuyisebenzisa;lnto enhle yokubheka ngaphambili kokubeka ama {spending limit} iwumkhuba wakho wokusebenzisa imali. Lokhu kungakusiza ukuba neqiniso ngama {spending limit};9
Setting spending limits and budgeting;Retention;MC;lyini imikhuba yokusebenzisa imali?;Ukusebenzisa imali kwakho njalo;lzinto ongazisebenzisele imali kakhulu;lmali oyiwongayo;Uku {invest}a kwakho;lmikhuba yokusebenzisa imali iwukusebenzisa kwakho imali njalo. lmikhuba ingaba emihle (ukusebenzisa imali ngokuqaphela) noma emibi (ukusebenzisa imali ngokunganaki);9
Setting spending limits and budgeting;Retention;MC;lmikhuba yokusebenzisa imali ingakusiza kanjani ukubeka ama {spending limit}?;Ungabona izinto ozisebenzisela imali njalo;Kwenza umoshe imali;Kuyakusiza ukwenza esinye isikweletu;Kwenza i{bank} lakho lingasheshi kakhulu;lmikhuba yokusebenzisa imali ingakusiza uma ubeka ama {spending limit} ngoba wenza ubone izinto ozisebenzisela imali. Lokhu kubalulekile ngoba ukwazi ukubona izindawo ezidinga ama {spending limit};11
Setting spending limits and budgeting;Retention;Y/N;Kufanele ubeke ama {spending limit} aphezulu noma aphansi na?;Cha;Yebo;;;Kufanele uzame ukuqaphela uma ubeka ama {spending limit}. Ama {spending limit} aphezulu kakhulu angenza ukuthi ungamelani nezidingo zakho kanti aphansi kakhulu angenza ukuthi usebenzise imali eningi;10
Setting spending limits and budgeting;Retention;MC;Yini engakusiza ukuhlela ukuthenga nge {limit} elungele wena?;Ukuba neqiniso nokwethembeka kuwe;Ukumosha imali eningi;Ukungacabangi ngemikhuba yokusebenzisa imali;Ukuxoxa ngendlela osebenzisa ngayo imali;Ukwethembeka nokuba neqiniso ngendlela osebenzisa ngayo imali kungakusiza ukusebenzisa imali ngama {limit} alungele wena. Ama {limit} akho angahluka ezindleleni zabanye abantu zokusebenzisa imali;11
Setting spending limits and budgeting;Retention;MC;Imikhuba yokusebenzisa imali yabantu bonke i:;Ihlukile;lyafana;Ukufana;Ngokufanayo;lmikhuba yokusebenzisa imali yabantu bonke ihlukile ngoba abantu badinga, bafuna izinto ezihlukile. Lokhu kusho ukuthi akuna imikhuba emihle noma emibi, kodwa eminye ilungele ukubhajetha nokuwonga;10
Setting spending limits and budgeting;Application;MC;Uma ufuna ukubeka ukuthenga ngokulinganisa, yini ofanele uyibheke?;lmikhuba yakho yokusebenzisa imali;Ama {bank account} abangani bakho;Amayintela records wakho;Malini ongayiboleka kumndeni wakho;Uma ubeka ukuthenga ngokulinganisa, kufanele ubheke imikhuba yakho yokusebenzisa imali.Lokhu kuyokusiza ukubona izinto ozisebenzisela imali njalo nalapho ongawonga;15
Setting spending limits and budgeting;Seed;MC;lyini i{debit card}?;Uhlobo lwe {bank card};Uhlobo lwe {cheque};Uhlobo lweyintela;Uhlobo lobugebengu;i{Debit card} uhlobo lwe {bank card}. Uma usebenzisa i{debit card}, usebenzisa ngokuqondile imali ekhona ku {bank account} yakho;2
Setting spending limits and budgeting;Retention;MC;Ama {debit card} asebenzisa:;lmali onayo ku {bank account} yakho;lsikweletu esivela kumbolekisi wezimali;lmali ongenayo ku {bank account} yakho;lmali onayo ku {wallet} yakho;Ama {debit card} alinkwe kuma {cheque} noma ama {savings account}. Ngezinye izikhathi ungathola uhlobo oluthize lwesikweletu nge {debit card} yakho (overdraft), kodwa ke kuyimali onayo;8
Setting spending limits and budgeting;Retention;Y/N;lngabe ungakwazi ukubeka i{limit} yemali ongayisebenzisa ku {debit card}?;Yebo;Cha;;;Ungakwazi ukubeka i{limit} yemali ongayisebenzisa kuma {debit card} wakho. Kungakusiza ukulawula ubuningi bemali oyisebenzisa phakathi kwesikhathi esithize;9
Setting spending limits and budgeting;Retention;MC;Ngama {bank card}, uyakwazi ukubeka ini ekusebenzeni kwemali kuwo?;i{Limit} emalini ongayisebenzisa ngosuku;i{Limit} emalini ongayisebenzisa ngenyanga;i{Limit} emalini ongayisebenzisa ngonyaka;i{Limit} emalini ongayisebenzisa ngeviki;Uyakwazi ukubeka noma ukushintsha i{limit} yemali ongayisebenzisa ngelanga ku {debit card} yakho ngokuya e{branch}, ukusebenzisa i{online} noma i{cellphone banking} (mayelana ne{bank} olisebenzisayo);9
Setting spending limits and budgeting;Retention;MC;Ubeka kanjani i{limit} yemali ongayisebenzisa ngosuku?;Ungakwenza {online}, ku {ATM} noma e{bank} lakho;Ungakwenza ku {ATM} kuphela;Ungakwenza ku {till} kuphela;Ungakwenza kuma {cashier} wonke;Ungabeka noma ukushintsha i{limit} yemali ongayisebenzisa kwakho kwamalanga ku {online banking} profile yakho, ku {ATM} noma ku {bank} lakho;10
Setting spending limits and budgeting;Retention;MC;Kungani i{limit} yemali ongayisebenzisa ngosuku kubalulekile?;Kuyakusiza ukusebenzisa imali ngokuhlakanipha;Kwenza isikweletu;Kwenza ulahlekelwe imali;Kwenza imali ku {bank} lakho;Ukusebenzisa ukulinganisa kwamalanga kubalulekile nokukusiza ukuthenga ngokuhlakanipha. Kungakusiza uma i{card} lakho lintshontshiwe ngoba izigebengu angeke zikhiphe imal yonke ku {account} yakho.;10
Setting spending limits and budgeting;Application;MC;Ingabe ungabeka kuphi ukusebenzisa kokulinganisa kwamalanga?;Kuma {debit card} wakho;Kuma {debt card} wakho;Kuyintela yakho;Ukukhokha kwakho izikweletu;Ungabeka i{limit} yemali ongayisebenzisa ngosuku kuma {debit card} wakho. Lokhu kuyokusiza ukuthenga ngokuhlakanipha kanye nokukuvikela kuzigebengu;15
Setting spending limits and budgeting;Application;MC;Ufuna ukuthenga ngokuhlakanipha, unga:;Beka i{limit} yemali ongayisebenzisa ngosuku;Ngena kusikweletu;Ungawongi;Sebenzisa imali iningi;Ungathenga ngokuhlakanipha ngokubeka ukulinganisa kwelanga kuma {debit card} wakho. Ukusebenzisa ngokulinganisa kungasiza ukulawula ubuningi bemali oyisebenzisayo;16
Setting spending limits and budgeting;Application;MC;lngabe i{limit} yemali ongayisebenzisa kwamalanga kungakusiza ukwenzani?;Ukuwonga imali;Ukusebenzisa imali yakho yonke;Yenza isikweletu;Mosha imali;Ukusebenzisa ngokulinganisa kwamalanga kungakusiza ukonga imali ngokukuvikela ukusebenzisa imali ngokunganaki nokungena kusikweletu;15
Setting spending limits and budgeting;Seed;MC;lyini i{credit card}?;Uhlobo lwe {bank card};Uhlobo lokuwonga;Uhlobo lwe {investment};Uhlobo lweyintela;i{Credit card} iwuhlobo lwe {bank card}. Luyasebenzisa imali ongenayo ku {account} yakho;2
Setting spending limits and budgeting;Retention;T/F;i{Credit card} iyasebenzisa ongenayo ku {bank account} yakho.;Iqiniso;Amanga;;;i{Credit card} iyasebenzisa imali ongenayo ku {bank account} yakho. lyaboleka imali kumbolekisi wezimali. Kubalulekile ukuwasebenzisa ngokuhlakanipha;8
Setting spending limits and budgeting;Retention;MC;lyini i{credit limit}?;Ubuningi benani lemali ongakwazi ukuyiboleka;Ubuncane benani lemali ongakwazi ukusebenzisa;Ubuningi bemali oyongile onayo kuwe;Ubuningi beyintela oyikweletayo;i{Credit limit} iwubuningi bemali 'ongayisebenzisa' ne {credit card}. Iwubuningi bemali ovunyelwa ukuboleka ku {card};9
Setting spending limits and budgeting;Retention;Y/N;Kufanele usebenzise i{credit card} yakho ku {credit limit}?;Cha;Yebo;;;Akufanele usebenzise i{credit card} yakho ku {credit limit}. Ungakhetha ukungaboleki imali eningi ukuze ungabi nezikweletu eziningi;10
Setting spending limits and budgeting;Retention;MC;Ungathenga kanjani ngokuhlakanipha uma usebenzsa i{credit card}?;Beka i{limit} yemali ongayisebenzisa kwakho;Boleka imali kubangani;Sebenzisa imali ongenayo;Boleka imali ongakwazi ukuyibuyisa;Ungabeka i{limit} yemali ongayisebenzisa kwakho ku {credit card} yakho. Ngalendlela angeke ufike njalo ku {credit limit} yakho kanye nokuboleka imali eningi;10
Setting spending limits and budgeting;Retention;Y/N;lngabe udinga ukucela i{bank} lakho ukukubekela i{limit} yemali ongayisebenzisa?;Cha;Yebo;;;Awudingi ukucela i{bank} lakho ukubeka i{limit} yemali ongayisebenzisa ku {credit card}. Uyazikhethela i{limit} yemali ongayisebenzisa, kodwa i{credit limit} yakho ibekwa ngumbolekisi;10
Setting spending limits and budgeting;Retention;MC;Ungazibekela kanjani i{limit} yemali ongayisebenzisa kuma {credit card}?;Beka i{limit} yemali ongayisebenzisa kweviki noma kweviki;Beka lutho lokusebenzisa ngokulinganisa;Sebenzisa nje i{credit limit} yakho;Thola i{credit card} eyinye;Ungazibekela i{limit} yemali ongayisebenzisa kweviki noma kwenyanga kuma {credit card}. Zama ukuqaphela uma usebenzisa i{credit card} yakho ngoba iyimali ebolekiwe efanele ukubuyiselwa;10
Setting spending limits and budgeting;Retention;MC;Kungani kubalulekile i{limit} yemali ongayisebenzisa kuma {credit card}?;Ayakumisa ukuthi ungaboleki imali eningi;Enza ukuthi usebenzise imali eningi;Enza esinye isikweletu;Enza ukuthi umoshe imali;Ukusebenzisa ngokulinganisa kuma {credit card} kungakusiza ukungaboleki imali eningi kanti kwenza isikweletu esiningi, okungakucindezela okwezimali;10
Setting spending limits and budgeting;Application;MC;Kufanele wenzeni uma une {credit card}?;Beka i{limit} yemali ongayisebenzisa kwakho;Boleka imali eningi;Boleka izinto ongakwazi ukuzikhokha;Sebenzisa ama {credit card} amaningi;Uma une {credit card}, ukubeka i{limit} yemali ongayisebenzisa kwakho kungakusiza ukungaboleki imali eningi. Ukusebenzisa ngokulinganisa kwakho kufanele kube phansi kwe{credit limit};15
Setting spending limits and budgeting;Application;MC;Ukusebenzisa ngokulinganisa kwakho kungakusiza:;Ukuwonga imali nokungenzi isikweletu;Ukumosha imali;Ukwenza esinye isikweletu;Ukuboleka i{bank} eyinye imali;Ukusebenzisa ngokulinganisa kwakho kungakusiza ukonga imali nokungenzi isikweletu. Ukusebenzisa ngokulinganisa kwakho kufanele kube phansi kwe {credit card};16
Setting spending limits and budgeting;Seed;MC;Ungasebenzisa kanjani imali encane?;Sebenzisa ukulinganisa;Ngena kusikweletu;Ungabhadali iyintela yakho;Boleka imali ongakwazi ukukhokha;Ungasebenzisa imali encane ngokwenza ukulinganisa. Kungakusiza ukusebenzisa imali ngokuhlakanipha nokunganaki;4
Setting spending limits and budgeting;Retention;MC-AOTA;lzinhlobo ezinjani zokulinganisa ongazisebenzisa nemali?;Zonke ezibaliwe;Ukusebenzisa ngokulinganisa kwelanga;Ukusebenzisa ngokulinganisa kweviki;Ukusebenzisa ngokulinganisa kweviki;Ungasebenzisa ukulinganisa kwelanga, iviki noma inyanga kanye ngemali. Ungakhetha ubuningi bemali ufuna ukuyisebenzisa kulezi zikhathi;8
Setting spending limits and budgeting;Retention;MC;Ingabe ungaqiniseka kanjani ukuthi awusebenzisi imali engaphezulu kwe {limit} oyibekile?;Khipha inani lemali elithize kuphela;Khipha imali yakho yonke;Sebenzisa ama {credit card} amaningi;Ungasebenzisi ngokulinganisa ama {bank card} wakho;Enye yezindlela zokuqiniseka ukuthi uhlala ukwi{limit} yemali ongayisebenzisa kwakho iwukukhipha inani lemali ethize kuphela {i}.{e}, uma ufuna ukusebenzisa i-R20 ngeviki khipha yona kuphela;9
Setting spending limits and budgeting;Retention;MC;Kubaluleke ngani ukusebenzisa imali oyibekele i{limit}?;Kungakusiza ukonga imali;Kungenza umoshe imali;Kungakwenzela isikweletu;Kungakhuphula i-credit limit yakho;Ukusebenzisa ngokulinganisa kubalulekile ngoba kungakusiza ukonga imali ngokulinganisa inani lemali ongayisebenzisa;10
Setting spending limits and budgeting;Application;MC;Kwezibaliwe, yini engakusiza ukonga imali?;Sebenzisa imali ene {limit};Sebenzisa ama {credit card} amaningi;Boleka imali eningi;Sebenzisa imali yakho yonke;Ukubeka ukusebenzisa imali ngokulinganisa kungakusiza ukusebenzisa incane ngokulinganisa inani lemali oyisebenzisa ngesikhathi esithize;15
Setting spending limits and budgeting;Application;MC;Kumele usethe ini ukuze ukwazi ukulawula imali oyisebenzisayo ngeviki?;Asethe i{limit} yemali oyisebenzisa ngeviki;Ukusebenzisa ngokulinganisa kwelanga;Ukwenza lutho lokusebenzisa ngokulinganisa;Ukusebenzisa ngokulinganisa kwenyanga;Ungenza i{limit} yemali ongayisebenzisa kweviki ukulawula inani lemali oyisebenzisa ngeviki. Ungasebenzisa ukulinganisa kwelanga noma kwenyanga;16
Setting spending limits and budgeting;Application;MC;Ingabe yini {{engeke}} ikusize ukonga imali?;Ukusebenzisa ama {credit card} amaningi;Ukubeka i{credit limit} yakho;Ukubeka ukusebenzisa imali ngokulinganisa;Ukusebenzisa ngokulinganisa kwelanga ku {debit card};Ukusebenzisa ama {credit card} amaningi angeke kukusize ukonga imali. Ukusebenzisa ngokulinganisa kungakusiza ukonga kanye nokusebenzisa imali ngokuhlakanipha;16
Setting spending limits and budgeting;Seed;MC;Iyini i{ATM};i{Automated teller machine};i{Automatic telling machine};i{Android till machine};i{Automatic till machine};i{ATM} isho i{automatic teller machine}. lyakuvumela ikufaka kanye nokukhipha imali futhi yenza eminye imisebenzi njengo ukubona imali esele ku {bank};2
Setting spending limits and budgeting;Retention;T/F;Uyakwazi ukukhipha imali ku {ATM}?;Iqiniso;Amanga;;;Ungakwazi ukukhipha ({take out}) kanye nokudipozita ({put in}) imali ku {ATM}. Futhi ungenza ezinye izinto njengokubona imali esele ku {bank} kanye nokukhokha amafayini ({fines});8
Setting spending limits and budgeting;Retention;MC;Ungenza uhlobo olunjani le {limit} yokukhipha imali ku {ATM}?;i{Limit} yelanga;i{Limit} yonyaka;i{Limit} yenyanga;i{Limit} yehora;Ungabeka i{limit} emalini ongayisebenzisa ngosuku kuma {ATM} ukuthi ungasebenzisi imali eningi kunaleyo oyifunayo. Lokhu kungakuvikela uma umuntu entshontsha i{card} lakho bese eyalisebenzisa;9
Setting spending limits and budgeting;Retention;MC;lngabe ukubeka i{limit} emalini ongayikhipha ku {ATM} kwelanga kwenzani?;Kuyalawula ubuningi bemali engakhishwa;Kuyakuvumela ukukhipha imali yakho yonke;Kuyakungenisa kusikweletu;Kwenza isikweletu;Ukulinganisela kokukhipha imali ku {ATM} kwelanga kuyalawula ubuningi bemali engakhishwa kuyo ngelanga;9
Setting spending limits and budgeting;Retention;MC;Ungenza noma ukushintsha kanjani ukubeka i{limit} emalini ongayikhipha ngosuku ku {ATM}?;Kwenze {online}, ngendlela ye {app} noma ukuvakashela i{bank} lakho;Kwenze esitolo ku {till};Kwenze ngendlela ye {cashier};Kwenze nombolekisi wakho wezimali;Ungenza ukubeka i{limit} emalini ongayisebenzisa ngosuku ku {ATM} ngendlela ye {online banking} profile, i{app} ye {bank} lakho noma ukuvakashela i{bank} lakho;10
Setting spending limits and budgeting;Retention;MC;lngabe ukubeka i{limit} emalini ongayikhipha ngosuku ku {ATM} kungakusiza kanjani ukonga imali?;Kuyakumisa ukuthi ungasebenzisi imali ngokunganaki;Kwenza ukuthi umoshe imali;Kwenza ukuthi ube nesikweletu;Kuyakubiza imali iningi;i{Limit} emalini ongayikhipha ngelanga ku {ATM} kungakusiza ukonga imali ngokulawula ubuningi bemali ongakwazi ukuyikhipha kanye nokuyisebenzisa. Lokhu kuyavimbela ukungasebenzisi imali iningi;10
Setting spending limits and budgeting;Retention;T/F;i{Limit} emalini ongayikhipha ngelanga ku {ATM} kungakusiza ukusebenzisa imali encane.;Iqiniso;Amanga;;;i{Limit} emalini ongayikhipha ngelanga ku {ATM} kungakusiza ukusebenzisa imali encane ngokulinganisela imali engakhishwa. Lokhu kuyasiza ukumisa ukusetshenziswa kwemali iningi;9
Setting spending limits and budgeting;Application;MC;Ingabe yini engakusiza ukusebenzisa imali yephepha encane?;i{Limit} emalini ongayikhipha ngelanga ku {ATM};Ukulinganisela kokukhipha imali kwenyanga ku {ATM};Ama {credit card} amaningi;lzikweletu eziningi;i{Limit} emalini ongayikhipha ngelanga ku {ATM} kungakusiza ukusebenzisa imali encane kanye nokuwonga imali. Futhi kungakuvikela kuzigebengu ngoba angeke imali yakho yonke ikhishwe ngelanga;15
Setting spending limits and budgeting;Application;MC-AOTA;Uma ufuna ukwenza okungcono kakhulu nemali yakho, ungakwazi ukusebenzisa:;Zonke ezibaliwe;i{Limit} emalini ongayikhipha ngelanga ku {ATM};Ukulinganisa kokusebenzisa imali Kwakho;Ukulinganisela kokusebenzisa imali kwe {debit card};i{Limit} emalini ongayikhipha ngelanga ku {ATM}, ukusebenzisa imali kokuzenzela wedwa kanye ne {debit card} kungakusiza ukonga imali ngokuqaphela;17
Setting spending limits and budgeting;Application;MC;Ungaya kuphi ukuthi ushintshe ukulinganisela kwakho kokukhipha imali kwelanga ku {ATM}?;e{Bank};Esitolo esithengisa ukudla;Ku {cashier} e{till};Kumbolekisi wezimali;Ungaya ku {bank} lakho ukwenza noma ukushintsha ukulinganisela kwakho kokukhipha imali kwelanga ku {ATM}. Kanti ungakwazi ukwenza ngendlela ye {online banking} profile i{bank} app yakho;15
Setting spending limits and budgeting;Seed;MC;lngabe kufanele wenzeni ngaphambili kokuhamba ukuyothenga izinto?;Bheka izinto onazo;Hamba ezitolo nje;Ungabheki izinto onazo;Qagela izinto onazo;Ngaphambili kokuhamba ukuyothenga izinto, bheka izinto onazo endlini yakho. Lokhu kuyasiza ukuthi ungathengi kaningi izinto onazo futhi ungathengi izinto ongazidingi;4
Setting spending limits and budgeting;Retention;MC;Ngaphambili kokuhamba ukuyothenga izinto, kufanele wenze ini?;Khetha lezo ozidingayo;Ungayenzi i{list};Ungabheki izinto onazo;Sebenzisa ama {credit card} amaningi;Ngaphambili kokuhamba ukuyothenga izinto, kufanele ukhethe lezo ozidingayo. Ngokubheka izinto onazo, uzokwazi ukubona lezo ozidingayo kanye nalokho ozokuthenga muva;8
Setting spending limits and budgeting;Retention;T/F;Uma uhamba ukuyothenga izinto, kufanele uphathe i{list} kuwe.;Iqiniso;Amanga;;;Uma uhamba ukuyothenga izinto, kufanele uphathe i{list} kuwe. lzokusiza ukuthenga lezo ozidingayo kuphela;8
Setting spending limits and budgeting;Retention;MC;lngabe i{list} yokuthenga izinto ikusiza kanjani?;Ukuthenga izinto ozidingayo kuphela;Ukumosha imali;Ukungena kusikweletu;Ukuthenga izinto ongazidingi;i{List} yokuthenga izinto ingakusiza ukuthenga lezo ozidingayo kuphela ngokukumisa ukuthenga ngokuphindaphindiwe, noma ukuthenga izinto ozifunayo esitolo kodwa lezo ongeke wazisebenzisa ngempela;9
Setting spending limits and budgeting;Application;MC-AOTA;Useduze nokuhamba esitolo esithengisa ukudla. Kufanele wenze ini?;Zonke ezibaliwe;Bheka izinto kade onazo;Yenza i{list} yokuthenga izinto;Khetha lokho okudingayo ngempela;Ngaphambili kokuhamba uyothenga izinto esitolo, kumele ubheke ukuthi yini onayo kuqala bese wenza i{list} enezinto ozidingayo ongenazo;15
Setting spending limits and budgeting;Seed;MC-AOTA;Yini okumele ungayikhohlwa uma uyothenga izinto?;Zonke ezibaliwe;Ibhajethi {budget} yakho;i{Shopping list};Ezinye ezishibhile;Ngaphambili kokuya ukuthenga izinto, yenza i{shopping list} ehambelana nebhajethi yakho. Lokhu kuyokusiza ukubona izinto ofanele ukuzithatha nalezo ongafanele;3
Setting spending limits and budgeting;Retention;MC;Ingabe amabhajethi akusiza ukwenzani?;Uvika ukusebenzisa kakhulu imali;Ukumosha imali;Ukungena esikweletini;Thenga izinto ongakwazi ukumelana nazo;Amabhajethi akusiza ukungasebezisi imali kakhulu. Akusiza ukubona ukuthi unamalini kanti ungasebenzisa malini uma uthenga;8
Setting spending limits and budgeting;Retention;Y/N;Ungasebenzisa ibhajethi ongakhululekanga ngayo?;Cha;Yebo;;;Kufanele usebenzise ibhajethi okhululekile ngayo kanye nevumela izidingo, izinhloso kanye nendlela yokuphila kwakho;8
Setting spending limits and budgeting;Retention;MC;Yini engakusiza ukuhlala kubhajethi uma uthenga?;i{Calculator};i{Credit card};i{Debit card};i{Overdraft};Ukusebenzisa i{calculator} ukubala uma uthenga kungakusiza ukungandluli kubhajethi yakho. Ungakwazi ukubona izinto ezizokwenza usebenzise imali eningi ongakwazi ukuyisebenzisa;9
Spending and Shopping Smart;Application;MC;Kufanele wenzeni ngaphambili kokuthenga, mayelana nebhajethi yakho?;i{List} yokuthenga;Ukuqagela lokho onako;i{List} yezinto ozifunayo;i{List} yezinto ongazidingi;Kufanele wenze i{list} yokuthenga ngaphambili kokuyothenga, mayelana nemali onayo yokuthenga, ehambisana nebhajethi yakho;15
Spending and Shopping Smart;Application;MC-AOTA;Kufanele uhambe nani uma uyothenga?;Zonke ezibaliwe;i{Calculator};Ibhajethi;i{List} yokuthenga;Ukuhamba ne {calculator}, ibhajethi kanye ne {list} yokuthenga kungakusiza ukuthenga ngokuhlakanipha, wonge imali eningi kanti umoshe imali encane;16
Spending and Shopping Smart;Seed;MC;Kufanele wenze ini uma usezitolo?;Beka uhlelo;Ungasebenzisi i{list} yokuthenga;Ungasebenzisi ibhajethi;Thenga izinto ongakwazi ukumelana nazo;Uma usezitolo, zibekele uhlelo. Ungahlali isikhathi eside ngoba ilapho abantu baqala ukusebenzisa imali eningi kunaleyo abayibhajethele;5
Spending and Shopping Smart;Retention;Y/N;Ukuhlala isikhathi eside izitolo kungakwenza usebenzise imali eningi.;Yebo;Cha;;;Ukuhla isikhathi eside ezitolo ungena hlelo kungakwenza usebenzise imali eningi ngoba sokubheka izinto bese kwenzeke uthenge izinto ongazidingi;8
Spending and Shopping Smart;Retention;MC;Kokulandelayo, ikuphi okungakusiza ukuthenga ngokuhlakanipha?;Vakashela izitolo kanye ngeviki;Ungahleli ukuthenga ngokulinganisa;Ungasebenzisi ibhajethi;Ukuthenga izinto ongazidingi;Ukuvakasha ezitolo kanye ngeviki ukwenza igrosa kungakisiza ukuthenga ngokuhlakanipha. Ungakwazi ukubona imali oyisebenzisayo, okungaba nzima uma uthenga ngemuva kwamalanga ambalwa;10
Spending and Shopping Smart;Retention;MC;Ukuthenga kanye ngeviki kukusiza ukonga imali ngoku:;Kwenza kubelula ukuthenga izinto ozidingayo;Kwenza kubelula ukumosha imali;Ukuphazamisa ibhajethi yakho;Kwenza izikweletu;Ukuthenga kanye ngeviki kwenza kubelula ukuthenga okudingayo kuphela. Ukungayi njalo ezitolo kusho ukuthi mancane amathuba okuthenga izinto ongazidingi;10
Spending and Shopping Smart;Retention;T/F;Uma uzizwa ukhathele kanti ucindezelekile ngemuva kwelanga elide, kufanele uzame ukungathengi.;Iqiniso;Amanga;;;Uma uzizwa ukhathele kanti ucindezelekile futhi, ngemuva kwelanga elide emsebenzini, ungazami ukuthenga. Ungathenga izinto ongazidingi ngoba uzizwa ukhathele kanti awunaki uma uthenga;9
Spending and Shopping Smart;Application;MC;Ufuna ukuthenga ngokuhlakanipha, yini ongafanele ukwenza?;Ungenzi uhlelo bese uvakasha ezitolo njalo;Sebenzisa ibhajethi;Sebenzisa i{calculator};Thenga kanye ngeviki;Ukungenzi uhlelo noma ukuvakasha ezitolo njalo kungenza usebenzise imali eningi. Zama ukwenza uhlelo uma uyothenga kanti zama ukuthenga kanye ngeviki ukuze wonge imali;16
Spending and Shopping Smart;Seed;MC;Ungenzani ukuze wonge imali uma uyothenga?;Thenga ngobuningi;Thenga ongakudingi;Thenga izinto ongakwazi ukuzikhokha;Ungasebenzisi ibhajethi;Indlela yokonga imali uma uyothenga, ukuthenga ngobuningi. Lokhu kusho ukuthenga izinto ezifanayo eziningi ngetengo eyehlisiwe;5
Spending and Shopping Smart;Retention;MC;Uma uthenga ngobuningi, U:;Thenga izinto ezifanayo ngobuningi;Thenga into eyodwa kuphela kuma {product};Ungathengi lutho;Thenga okubili kuphela kuma {product};Uma uthenga ngobuningi, uthenga into efanayo eningi. Intengo yobuningi bezinto iphansi kunaleyo yento ethengwa ngayinye kwesinye isitolo;8
Spending and Shopping Smart;Retention;MC;Kungani ukuthenga ngobuningi kukwongela imali?;Intengo yama {product} iphansi;Intengo yama {product} iyabiza;Isitolo sikuvumela ukuthatha mahala;Awudingi ukukhokha ama {product};Ukuthenga ngobuningi kunentengo ephansi ngoba intengo yehlisiwe. Ubuningi bunentengo ephansi ukwendlula ukuthenga ngakunye noma ngakubili kwesinye isitolo;9
Spending and Shopping Smart;Retention;MC;Kufanele wenzeni uma uthenga ngobuningi?;Qiniseka ukuthi uyawadinga lawoma {product};Thenga ama {product} ongawadingi;Thenga ama {product} ongakwazi ukumelana nawo;Thenga ama {products} ongawasebenzisi;Uma uthenga ngobiningi, kufanele uqiniseke ukuthi uyazidinga izinto ozithengayo. Zama ukungathengi izinto eziningi ngoba intengo iphansi uma ungeke uzisebenzise;10
Spending and Shopping Smart;Retention;MC;Uma uthenga ngobuningi, ungawonga imali ngoku:;Ukuhlukanisa izindleko phakathi komndeni nabangani;Ukungasebenzisi ibhajethi;Ukuthenga ongakudingi;Ukuthenga izinto ongeke uzisebenzise;Uma uthenga ngobuningi ungahlukanisa izindleko pahakathi komndeni nabangani. Lokhu kungenza izindleko zibe phansi bese kwenza ukuthi zonke izinto ozithengile zisebenze;11
Spending and Shopping Smart;Retention;MC;Ungenzani ukusiza ukonga imali uma uthenga ukudla ngobuningi?;Friza okunye kwakho;Kumoshe;Ungasebenzisi okuningi kwakho;Kuyekele kubole;Uma uthenga ukudla ngobuningi kanti awukwazi ukukusebenzisa konke, indlela enhle yokukubeka ukufriza. Qiniseka ukuthi uma uthenga ukudla ngobuningi kuyakwazi ukufriza ({freeze}) noma kubekwe ngendlela ethize;9
Spending and Shopping Smart;Application;MC;Ukhetha ukuthenga ngobuningi. Ubheka ini?;Ukuthi uwadinga wonke ama {product};Ukuthi awudingi wonke ama {product};Ukuthi awukwazi ukumelana nentengo;Ukuthi usebenzisa ama {credit card} amaningi;Uma uthenga ngobuningi, kufanele ubheke ukuthi uyawadinga wonke ama {product}. Uma ungafuni ungakhetha ukungathengi noma cela umndeni wakho noma abangani ukuthi nihlukanise intengo;16
Spending and Shopping Smart;Application;T/F;Ukuthenga ngobuningi kungenza umoshe imali uma ungasebenzisi wonke ama {product}.;Iqiniso;Amanga;;;Ukuthenga ngobuningi kunentengo ephansi kuphela uma usebenzisa yonke into noma uhlukanisa intengo phakathi kwabangani kanye nomndeni;16
Spending and Shopping Smart;Seed;MC;Ngaphambili kokuthenga igrosa, kufanele wenze ini?;Ubheke ifriji kanye nasemakhabetheni;Ungenzi i{list} yokuthenga;Qagela ngalokho onakho;Ungabheki efrijini yakho noma emakhabetheni;Ngaphambili kokwenza igrosa yakho, bheka onakho efrijini noma emakhabetheni akho. Lokhu kukusiza ukungamoshi ukudla ngokuthenga izinto ezikhona noma ukungasebenzisi ukudla onakho;4
Spending and Shopping Smart;Retention;MC;Kufanele wenzeni uma uthenga ukudla okubola kalula?;Thenga okudingayo kuphela;Thenga okuningi kunokudingayo;Thenga okuningi;Thenga okuningi kunalokho ongakwazi ukukubeka;Uma uthenga ukudla okubola kalula, zama ukuthenga okudingayo kuphela. Izithelo, nemifino, i{dairy} (izinto ezenziwa ngobisi) kanye nenyama kungabazima ukukugcina isikhathi eside;8
Spending and Shopping Smart;Retention;MC;lndlela engcono yokuthenga ngokuhlakanipha iyiphi?;Ukwenza uhlelo lokudla ngaphambili kokuyothenga;Ungasebenzisi i{list} yokuthenga;Thenga ukudla okuningi okubola kalula;Thenga igrosa ongayidingi;lndlela enhle yokuthenga ngokuhlakanipha kuleyo yokwenza uhlelo lokudla ngaphambili kokuyothenga. Lokhu kuyokusiza ukuthenga izinto ozidingayo kuphela;9
Spending and Shopping Smart;Retention;MC;Kungani uhlelo lokudla luyindlela enhle yokuthenga ngokuhlakanipha?;Kuyakusiza ukuthenga ukudla okudingayo kuphela;Kwenza ukuthi umoshe imali;Kwenza ukuthi uthenge izinto ongazidingi;Kuyakudida uma uthenga;Uhlelo lokudla lungakusiza ukuthenga izinto ozidingayo kuphela ngoba uyazi ngempela okufanele kusetshenziswe. Uhlelo lokudla lungasiza ukuthi ukudla kungaboli;9
Spending and Shopping Smart;Retention;MC;Ukudla ingxenye ye {dinner} yakho nge {lunch} (ukudla okusele ngayizolo okwama {leftover}) kungakusiza ukwenza ini?;Ukuwonga igrosa;Ukumosha imali;Ukusebenzisa imali eningi;Ukuwonga okuncane;Ukwenza ukudla kwasebusuku ukuthi udle ngosuku olulandelayo kungakusiza ukonga imali yegrosa ngoba angeke ulingwe ukuthenga ukudla njalo ngesikhathi se {lunch};9
Spending and Shopping Smart;Retention;T/F;Ngezinye izikhathi, ukusebenzisa i{brand} noma i{house brand} ehlukene kungenza ukuthi wonge imali;Iqiniso;Amanga;;;Ngezinye izikhathi, ukusebenzisa i{brand} ehlukene kunaleyo oyijwayele noma ukusebenzisa i{shop's house brand} kungakusiza ukonga imali. Zama ukubheka amanye ama {brand} hayi eyodwa nje;9
Spending and Shopping Smart;Retention;MC;Ukudla osekuphakhejiwe ({pre}-{packed}) kanye nosekwenziwe ngokuba kunjani?;Kuyabiza kakhulu kunokungaphekwanga;Kuyabiza kancane kunokuphekiwe;Kunentengo efana nokungaphekwanga;Kunentengo ephansi kunokungaphekwanga;Ukudla osekuphakhejiwe ({pre}-{packed}) kanye nosekwenziwe ngokuba {processed} kubiza kakhulu kunokudla okungaphekwanga. Ngokujwayelekile ukuthenga ukudla okungaphekwanga bese uziphekela kubiza kancane;9
Spending and Shopping Smart;Retention;MC;lzitolo zibeka kuphi izinto ezibizayo kakhulu?;Phakathi kwama {shelf};Phezulu kwama {shelf};Phansi kwama {shelf};Ngemva kwamanye ma {product};Ngokujwayelekile izitolo zibeka izinto ezibizayo kakhulu phakathi kwe {shelf} ngoba ama {customer} azozibheka lapho. Bheka izinto ezishibhile phansi noma phezulu kwama {shelf};10
Spending and Shopping Smart;Retention;MC;Yini engenza ukuthi wonge imali lapho uthenga?;Ukuthenga ukudla okusemathinini noma okufriziwe;Ukuthenga ukudla osekuphakhejiwe ({pre}-{packed});Ukuthenga ukudla osekwenziwe ({processed});Ukungasebenzisi i{list} yokuthenga;Ukuthenga amathini noma ukudla okufriziwe, kahulu uma kungesona isikhathi sakho lokho kudla, kungakusiza ukonga imali ngoba ngokujwayelekile kunentengiso ephansi;9
Spending and Shopping Smart;Retention;MC;Ukuthenga ukudla kuzimakethe zendawo kwenza ini?;Kuwonga imali yegrosa;Kusebenzisa imali iningi;Kumosha imali;Kwenza isikweletu esinye;Ukuthenga igrosa ezimakethe zendawo kungakusiza ukonga imali. Ukudla okungaphekwanga kanye nokungenziwanga izinto ngokujwayelekile kunentengo ephansi;9
Spending and Shopping Smart;Retention;MC;lngabe ukusebenzisa i{trolley} encane noma ibhaskidi kungakusiza kanjani?;Ukuthenga ama {product} ambalwa;Ukuthenga ama {product} amaningi;Ukumosha imali;Ukuthenga okuningi kunezidingo zakho;Ukusebenzisa i{trolley} encane noma ibhaskidi kungakusiza ukuthenga izinto ezimbalwa kanti wonge imali ngoba angeke ulingwe ngokuzama ukugcwalisa i{trolley} ngama {product};10
Spending and Shopping Smart;Application;MC-AOTA;Ikuphi okulandelayo okungakusiza ukonga imali uma wenza igrosa?;Zonke ezibaliwe;Bheka ifriji ngaphambili kokuthenga;Sebenzisa uhlelo lokudla;Zama ama {brand} ahlukile;Bheka ifriji ngaphambili kokuthenga igrosa ukubona ukudla onakho, ukwenza uhlelo lokudla nokuzama ama {brand} ahlukile kungakusiza ukonga imali;16
Spending and Shopping Smart;Application;MC;Yini ongafanele uyizame uma uthenga?;Thenga ukudla osekwenziwe kwafakwa esikaftinini;Thenga ezimakethi eziseduzane;Thenga ukudla okufriziwe nokusemathinini;Sebenzisa ibhaskethi encane;Uma ufuna ukuzama ukuthenga ngokuhlakanipha, zama ukungathengi ukudla osekwenziwe kwafakwa esikaftininingoba kuyabiza kakhulu kuno kudla okuhlaza;15
Spending and Shopping Smart;Seed;MC;Yini ofanele uyiqaphele uma uthenga?;Ukuthenga nje izinto ngoba ziku {sale};Sebenzisa ibhajethi;Hlela ukuthenga okulinganisele;Thenga ngobuningi;Kufanele uqaphele uma uthenga izinto eziku {sale}. Zama ukungathengi izinto ngoba zishibhile futhi uzidinga. Kuzoba ukumosha imali uma ungazidingi lezozinto;5
Spending and Shopping Smart;Retention;MC;Uma ubona okuthize ku {sale}, kufanele ubheke ini?;Ukuthi uyakudinga ngempela;Ngabe abanye bayayithenga;Ukuthi ungayithenga nge {credit card};Ungaboleka imali ukuyithenga;Zama ukubheka ukuthi uyayidinga yini into ngaphambili kokuyithenga. Ama {sale} angakusiza ukonga imali, kodwa kuphela uma uyidinga leyonto futhi uzoyisebenzisa;8
Spending and Shopping Smart;Retention;T/F;Uma ubona i{buy one}, {get one free} kufanele uzithenge lezo zinto njalo;Amanga;Iqiniso;;;i{Buy one}, {get one free} nama {sale} akusiza ukonga imali uma uzozisebenzisa zonke izintofuthi uzidinga. Zama ukuqaphela uma uthenga izinto kuma {promotion} nama {sale};9
Spending and Shopping Smart;Retention;MC;Uma ubona i{product} ku {promotion}, kufanele ubheke ini?;Ubone ukuthi ishibhile kunamanye ama {brand};Ukuthi wonke umuntu uyayithenga;Ukuthi yini igama lenkampani;Ukuthi yini i{address} yenkampani;Uma ubona into ku {promotion}, zama ukubheka ukuthi ishibhile kunamanye ama {brand} aleyonto. Into eku {promotion} ayishibhile njalo;10
Spending and Shopping Smart;Application;MC;Yini engeke ikusize ukonga imali?;Ukuthenga nje ama {product} ngoba aku {sale};Sebenzisa ibhajethi;Ukuthenga okudingayo kuphela;Ungahlali isikhathi eside ezitolo;Ukuthenga ama {product} nje ngoba aku {sale} kungaholela ekumosheni imali. Zama ukuthenga ama {product} owadingayo, noma amanye ama {product} aku {sale};15
Spending and Shopping Smart;Application;MC;Ubona i{product} ku {promotion}. Yini ofanele uyibheke?;Intengo yamanye ama {brand};Yini ephakathi kwama {trolley} wabanye abantu;Ukuthi yini i{overdraft} yakho;i{Address} yenkampani;Uma ubona into ku {promotion} noma kuspesheli, zama ukubheka intengo yamanye ama {brand} ukuqiniseka ukuthi leyonto eku {promotion} ishibhe ngempela;16
Spending and Shopping Smart;Seed;Y/N;Kufanele uthenge uma uzizwa uphansi?;Cha;Yebo;;;Zama ukungathengi uma uzizwa uphansi emoyeni. Uma uthenga umoya wakho uphansi kungakwenza ukuthi uthenge izinto ongazidingi nongakwazi ukumelana nazo;5
Spending and Shopping Smart;Retention;MC;Ingabe imizwa yakho ithinta kanjani ukuthenga kanye nemikhuba yakho yokusebenzisa imali?;Ingabangela ukuthenga ngemizwa;Ingakusiza ukonga imali;Ingakusiza ukuba nesikweletu esincane;Ingakusiza ukungamoshi imali;Imizwa, kakhulukazi emibi, ingathinta ukuthenga kanye nemikhuba yokusebenzisa imali yakho ngokuthenga ngemizwa;9
Spending and Shopping Smart;Retention;MC;Ukuthenga izinto ongazidingi, noma ongazifuni, kwaziwa ngokuthini?;Ukuthenga ngemizwa;Ukuthenga ngokuhlakanipha;Ukuthenga ngokucabanga;Ukuthenga ngokuhlakaniphile;Ukuthenga ngemizwa ilapho wenza izinqumo ngokushesha, uthenga izinto ongazidingi noma ongazifuni, ngoba une {stress}, udabukile, unesizungu, etc.;9
Spending and Shopping Smart;Retention;MC;Ukuthenga ngemizwa kungabangelwa yini?;lndlala;Uma unebhajethi;Ukusebenzisa i{overdraft};Ukusebenzisa i{credit card};Ukuthenga ngemizwa kungabangelwa indlala. Uma uya esitolo ulambile, ungathenga izinto ongazidingi, noma ungathengi ukudla;10
Spending and Shopping Smart;Retention;MC;lngabe ukuthenga ngemizwa kungakubangela kanjani ukumosha imali?;Ukuthenga izinto ongazidingi;Usebenzisa imali ngokuqaphela;ubhajetha ngokuqaphela;Uhlela ukuthenga kwakho;Ukuthenga ngemizwa kungenza ukuthi umoshe imali ngoba kukuholela ukuthenga izinto ongazidingi. Ngezinye izikhathi, uthola ukuthi awuzithandi izinto ozithengile ngoba ungasazizwa ngaleyo ndlela;10
Spending and Shopping Smart;Retention;MC;Ungayeka kanjani ukuthenga ngemizwa?;Linda ngaphambili kokuthenga into ethize;Thenga izinto uma uzizwa uthukuthele;Thenga izinto uma uzizwa ujabulile;Sebenzisa ama {credit card} amaningi;Ungasiza ukuyeka ukuthenga ngemizwa ngokulinda ngaphambili kokuthenga into ethize. Uma ubona into oyifunayo noma oyithandayo, linda amalanga ambalwa ngaphambili kokuyithenga;11
Spending and Shopping Smart;Application;T/F;Uma uzizwa uthukuthele ukhathele kufanele uzame ukungathengi;Iqiniso;Amanga;;;Uma uzizwa uphansi, zama ukuthi ungathengi ngoba ungathenga izinto ongazidingi. Uma kufanele uye esitolo, zama ukulinda ukuthenga izinto ongaqinisekanga ukuthi uyazidinga;16
Spending and Shopping Smart;Application;MC;Ungenzani ukuthi uyeke ukuthenga ngemizwa uma ulambile?;Idla ngaphambili kokuya esitolo;Sebenzisa ama {credit card} amaningi;Ungasebenzisi ibhajethi;Hlala isikhathi eside ezitolo;Indlela enhle yokuyeka ukuthenga ngemizwa uma ulambile, ukuthi udle ngaphambili kokuthenga okuthize. Indlala ingabengela ukuthenga ngemizwa noma ungathengi ukudla;18
Spending and Shopping Smart;Seed;MC;Iyini ikhuphoni ({coupon} ngesilungu)?;i{Voucher} ongayisebenzisa ukwehliselwa intengo;i{Credit card};Inhlawulo ebuya esitolo;Isliphu se {till};Ikhuphoni ({coupon} ngesilungu) yi {voucher} esetshenziswa ukuthola ukwehliselwa intengo kuma ezintweni ezithile. Ama {brand} noma izitolo zingawasabalalisa;5
Spending and Shopping Smart;Retention;MC;Ungawathola kuphi amakhuphoni ({coupons})?;Kuma {product}, kumaphepha ndaba/amaflaya, emoyeni;Kuma {debit card} wakho;Kuma {credit card} wakho;Kuma {invoice};Ungathola amakhuphoni ({coupons}) kuzindawo eziningi ezihlukene. Ezinye izinto zinamakhuphoni ({coupons}) anamathele kuzo. Ngesinye isikhathi ungawathola kumaflaya ({flyers}) noma kumaphepha ndaba;9
Spending and Shopping Smart;Retention;Y/N;Ngabe amakhuphoni ({coupons}) ayandlulelwa isikhathi?;Yebo;Cha;;;Amakhuponi ayaphelelwa yisikhathi. Zama ukuwasebenzisa ngaphambili kokundlulelwa isikhathi. Ngokujwayelekile, usuku lokuphelelwa yisikhathi ({expiry date}) libhalwa kuyikhuphoni ngamagama amancane;10
Spending and Shopping Smart;Retention;MC;Uma usebenzisa amakhuphoni ({coupons}), kufanele wenze ini?;Qiniseka ukuthi uthenga into ekuyiyona;Thenga izinto ongazidingi;Sebenzisa ama {credit card} amaningi;Thenga izinto ulambile;Amakhuphoni asebenzela izinto ezithile. Qiniseka ukuthi uphethe i{product} ekuyiyona uma uthenga ngamakhuphoni. Ngesinye isikhathi, usayizi we {product} ubalulekile uma uthenga ngekhuphoni;10
Spending and Shopping Smart;Retention;MC;Uma usebenzisa amakhuphoni esitolo, kufanele wenze ini?;Yazi imithehto yesitolo ngamakhuphoni ({coupons});Ungabheki i{expiry date};Sebenzisa amakhuphoni andlulelwe isikhathi;Sebenzisa ikhuphoni ku {product} engafanele;Uma usebenzisa ikhuphoni esitolo, qiniseka ukuthi uyayazi imithetho yesitolo mayelana namakhuphoni. Izitolo zinemithetho engafani mayelana nokuthi asetshenziswa kanjani amakhuphoni;10
Spending and Shopping Smart;Application;MC;Uthola ikhuphoni ye {product}. Yini ofanele uyihlole?;Usuku loku {expire};Inkulu kangakanani ikhuphoni;Lapho uthole khona ikhuphoni;Ngabe abangani bakho banamakhuphoni na;Uma uthola ikhuphoni yento ofuna ukuyithenga, qiniseka ukuhlola usuku loku {expire} ukuthi uyisebenzise ngaphambili kokuphelelwa isikhathi;15
Spending and Shopping Smart;Application;MC;Ufuna ukuthenga ngokuhlakanipha, ungakwazi ukwenza ini?;Sebenzisa amakhuphoni;Thenga uma uthukuthele;Thenga izinto ongeke ukwazi ukuzikhokha;Ungasebenzisi ibhajethi;Amakhuphoni angakusiza ukuthenga ngokuhlakanipha. Ngokuwasebenzisa, ungathola ukwehliselwa intengo kuma {product} owadingayo bese uwonga imali;16
Spending and Shopping Smart;Seed;MC;Uhlelo olunika abathengi imivuzo ngokusebenzia isitolo/ibhizinisi libizwa ngani?;i{Loyalty programme};i{Favouritism programme};i{Shopping programme};i{Loyalty series};"i{Loyalty programme} yebhizinisi isebenza ngokunikeza amaphuzu nemivuzo ukusebenzisa imali kubo. Uma ukhetha lelo bhizinisi (njalo ""uthembekile"") uthola imivuzo kakhulu";5
Spending and Shopping Smart;Retention;MC;Ikuphi kwezibaliwe ongakuthola njengomvuzo we {loyalty programme}?;Zonke ezibaliwe;Amaphuzu;Ukwehliselwa intengo;Ukubuya kwemali;i{Loyalty programme} isebenza ngamaphuzu. Uthola amaphuzu uma uthenga izinto ezithize ngendlela ethize. Aphendulwa ukuba imivuzo njengokwehliselwa kwentengo, ukubuya kwemali, izinto zamahala, etc.;10
Spending and Shopping Smart;Retention;MC;Uma ungena ku {loyalty programme}, ungalinda ukuthola ini?;i{Loyalty Card};Inhlawulo;Isiliphu se {till};i{Credit card};Uma ungena kuyi {loyalty programme} yesitolo, kujwayelekile ukuthola i{loyalty card}. Lingaswayiphwa noma ukuproseswa uma ukhokha into ethize noma izinto kanti uthola amaphuzu kulona;9
Spending and Shopping Smart;Retention;MC;Ingabe ama {loyalty programme} amaningi anikeza abathengi ini uma basebenzisa ikhadi labo?;Amaphuzu;Isikweletu;Isikweletu se {credit};Izinhlawulo;Ama {loyalty programme} amaningi anikeza abathengi amaphuzu uma basebenzisa amakhadi wabo. Lokhu kungasetshenziswa ukuthola imivuzo, njengokwehliselwa noma izinto zamahala;10
Spending and Shopping Smart;Retention;MC;Abantu bangenzani ngamaphuzu wabo kuma {loyalty card}?;Thola ukwehliselwa intengo uma uthenga;Ulahlekelwe imali;Uyahlawulwa;Awuphinde ukhokhele into;Abathengi bangasebenzisa amaphuzu wabo kuma {loyalty card} ukuthola ukwehliselwa uma bathenga. Abanye abantu bawayeka abe maningi ukuze bathenge izinto mahala;10
Spending and Shopping Smart;Retention;T/F;Ezinye izitolo zifaka amanye ama {product} ku {promotion} ebantwini abanama {loyalty card};Iqiniso;Amanga;;;Ezinye izitolo zifaka ama {product} amanye ku {promotion} kwenzela abantu abanama {loyalty card}. Lokhu kusho ukuthi abantu abanamaphuzu kulawo makhadi bathole ukwehliselwa kulezo zinto;10
Spending and Shopping Smart;Retention;MC;Ungalithola kanjani i{loyalty card}?;Ngena ku {loyalty programme} yesitolo;Yenza eyakho;Boleka ikhadi lomunye umuntu;Shintsha ikhadi lakho lase {bank} kuyona;Ungathola i{loyalty card} ngokungena ku {loyalty programme} esitolo. Ngokujwayelekile lokhu kwenzeka ngokugcwalisa ifomu esitolo nemininingwane yakho;11
Spending and Shopping Smart;Retention;Y/N;lngabe kufanele ungene kuma {loyalty programme} wonke?;Cha;Yebo;;;Akufanele ungene kuma {loyalty programme} wonke ezitolo. Ungangena kulawo ahambelana nesimo sakho kanti azokusiza ukuthenga ngokuhlakanipha;11
Spending and Shopping Smart;Application;MC;Uma usebenzisa isitolo esisodwa njalo, yini ongayithola ukukusiza ukuthi uthenge ngokuhlakanipha?;i{Loyalty card};lsikweletu;Izinto ongazisebenzisi;Izinto ongazidingi;Uma usebenzisa isitolo esisodwa, ungacabanga ukuthola i{loyalty card}. Lokhu kuzokusiza ukuthola imivuzo, njengokwehliselwa kwentengo noma izinto zamahala;16
Spending and Shopping Smart;Application;MC;Udinga ukungena kuyi {loyalty programme} ukuze kuzoba njani?;Uzothola i{loyalty card};Uzothola isikweletu esengeziwe;Ungeke ukhokhele lutho;Uzomosha imali;Ukuthola i{loyalty card}, udinga ukungena kuyi {loyalty programme}. Wenza lokhu ngokunikezela ngemininingwane yakho esitolo ngokugcwalisa ifomu;15
Spending and Shopping Smart;Seed;MC;Uma ukhipha imali ku {ATM}, ungakhokha ini?;Imali yokukhipha imali ({withdrawal fee});Imali ye {take away};Imali yemali;Imali yokheshi;Uma ukhipha imali ku {ATM}, ungakhokha i{withdrawal fee} ekuyimali yokukhipha imali. Ngokujwayelekile lemali ihambelana nenani lemali oyikhiphayo;4
Spending and Shopping Smart;Retention;MC;Ngoba ungakhokha imali uma ukhipha imali, kufanele wenze ini?;Zama ukungakhiphi imali njalo;Khipha imali ngamalanga wonke;Khipha imali kaningi ngelanga;Khipha imali encane ngelanga;Ungakhokha imali yokukhipha njalo uma ukhipha imali ku {ATM}. Ngakho ke, ungonga uma ukhipha imali eningi ngamalanga ahlukene, kunokhipha imali encane njalo;9
Spending and Shopping Smart;Retention;Y/N;Ungakwazi ukukhipha imali kunoma iyiphi i{ATM}?;Yebo;Cha;;;Uyakwazi ukukhipha imali kunoma iyiphi i{ATM}, ngaphandle kokuthi uyilunga laleyo {bank} noma cha;8
Spending and Shopping Smart;Retention;MC;Kwenzekani uma ukipha imali ku {ATM} engelona ilunga le {bank} yakho?;Ubizwa imali yokukhipha ephezulu;Ikhadi lakho liyathathwa;Awukwazi ukukhipha imali;Kufanele ube ilunga laleyo {bank};Uma ukhipha imali ku {ATM} engelona ilunga le {bank} yakho, uzokhokha i{withdrawal fee}, ekuyimali yokukhipha, ephezulu kunoku sebenzisa i{ATM} ye {bank} lakho;10
Spending and Shopping Smart;Retention;MC;Uma ufuna ukusebenzisa imali ngokuhlakanipha, kufanele wenze ini?;Zama ukukhipha imali kuma {ATM} we {bank} lakho;Sebenzisa ama {credit card} amaningi;Ungasebenzisi ibhajethi;Unganaki i{limit} yemali ongayisebenzisa imali yakho;Indlela yokonga imali njalo ngenyanga ukuzama ukukhipha ku {ATM} eyilunga le {bank} yakho. Ngakho ke, angeke ukhokha i{withdrawal fee}, ekuyi mali yokukhipha, ephezulu ngokusebenzisa enye i{bank};10
Spending and Shopping Smart;Retention;MC;Ungakwazi ukukhipha imali kuphi futhi ngaphandle kwe {ATM};Kuma {till} ezinye izitolo;Kuma {till} ezitolo zonke;Kubabolekisi bezimali;Kubantu abathatha intela;Ungakhetha ukukhipha imali kuzitolo ezithize (ngokuya nge {bank} lakho). Ungakwazi ukukhipha imali ku {till} esitolo;9
Spending and Shopping Smart;Seed;T/F;Wonke ama {account} ema {bank} anezimali ekumele uzikhokhe {fees} afanayo;Amanga;Iqiniso;;;Ama {account} ahlukile ahamba nezimali ezahlukile. Amanye anezimali eziphezulu kunamanye, noma kunjalo, amanye akhokhelwa izimali ngaphezulu ({additional fees});5
Spending and Shopping Smart;Retention;MC;Uma ukhetha i{bank}, kufanele____________;Ukhethe leyo ekulungele;Khetha oyibona kuqala;Usebenzisa imali ongenayo;Wenze isikweletu esiningi;Kufanele uqiniseke ukuthi i{account} yakho yase {bank} ikulungele kanti ihlangabezana nezidingo zakho. Cabanga ukufinyelela ku {ATM}, ukusebenzisa i{bank} emoyeni ({online}) kanye nezimali ({fees});8
Spending and Shopping Smart;Retention;MC;Uma udinga ukukhokha izikweletu njalo ngenyanga, ungasebenzisa ini?;Ama {debit order};Ama {credit order};Isikweletu;Ama {debt order};Uma udinga ukukhokha izikweletu noma ama {account} njalo ngenyanga, ungahlela ama {debit order} ku {account} yakho. Lokhu, ukhokha imali ngokuzenzakalela kwenzeka njalo ngenyanga;9
Spending and Shopping Smart;Seed;MC;Uma wonga imali, wenza njani?;Ubeka imali;Usebenzisa imali;Uwenza isikweletu;Uthola isikweletu;Uma wonga imali, ubekela ikusasa. Lemali ingabuya kumholo wakho, ifa, iminikelo noma umklomelo;4
Spending and Shopping Smart;Retention;MC-AOTA;Kungani abantu bonga imali?;Zonke ezibaliwe;Ukulungisela ukurithaya;Ukubasiza ukukhokha izinto ngokusasa;Ukubhadalela izimo ezisheshayo;Abantu bonga imali ngezizathu eziningi. Abanye bongela ukurithaya, abanye bongela ukuzisiza ukukhokha izinto ngokuzayo kanti abanye bongela ukuzisiza ukubhadalela izimo ezisheshayo;8
Spending and Shopping Smart;Retention;MC;Kungani kufanele wonge imali?;Ingakusiza ngekusasa lakho;Ikwenza umoshe imali;Ikwenza ungene esikweletini;Angeke ubhadalele lutho;Kubalulekile ukonga imali ngoba ingakusiza ngekusasa lakho. Imali ewongiwe ingakusiza uma uthatha ukurithaya noma kunezimo ezisheshayo ongazilindelanga;9
Spending and Shopping Smart;Application;MC;Uma ufuna ukulungela ikusasa, ungenza ini?;Yonga imali;Sebenzisa yonke imali yakho;Ngena esikweletini;Mosha imali;Indlela enhle yokulungela ikusasa ukonga imali. Lokhu kungakusiza ukubhadalela umhlalapahansi wakho, ukuthenga into enkulu noma ukubhadalela izimo ezisheshayo ezingenzeka;15
Spending and Shopping Smart;Seed;MC;Kufanele uhloso ekwanza ini ngemali?;Yonga imali njalo ngenyanga;Yonga yonke imali yakho njalo ngenyanga;Ungabhadali izindleko zakho;Yonga ekupheleni kwenyanga;Kufanele uhlose ukonga imadlana njalo ngenyanga. Awudingi ukonga wonke umholo wakho, ingxenye encane nje;4
Spending and Shopping Smart;Retention;MC;Kufanele uyifake kuphi imali ofuna ukuyonga?;Kubhajethi yakho;Ku {wallet} yakho;Kufanele uyisebenzise nje;Hayi kubhajethi yakho;Kufanele ufake imali ofuna ukuyonga kubhajethi yakho. Lokhu kuzokusiza ukukhumbula ukonga lemali njalo ngenyanga;9
Spending and Shopping Smart;Retention;T/F;Ukonga njalo ngenyanga kungakusiza ukuba nomkhuba omuhle wokuwonga imali;Iqiniso;Amanga;;;Ukonga imadlana njalo ekuqaleni kwenyanga kusiza ukudala umkhuba omuhle wokonga imali kanti ikusiza ukukhulisa okongayo;9
Spending and Shopping Smart;Retention;MC;Umkhuba omuhle wokonga imali ubalulekile ngoba:;Ukusiza ukonga imali njalo ngenyanga;Ukwenza umoshe imali;Wenze isikweletu;Ikwenza ulahlekelwe imali;Umkhuba omuhle wokonga imali ubalulekile ngoba ukusiza ukuthi ujwayele ukonga njalo ngenyanga;10
Spending and Shopping Smart;Retention;MC;Ukuwonga kwabantu nemikhuba wokonga i:;Ihlukile;Iyafana;Ngokufanayo;Ngokufana;Njenga mabhajethi, ukonga nemikhuba yokonga ayifani kubantu abahlukene. Udinga ukuthola indlela yakho yokonga;10
Spending and Shopping Smart;Application;MC;Uma ufuna ukonga imali njalo ngenyanga, yini eyokusiza?;Ibhajethi;Isikweletu;Ukungabi nebhajethi;i{Credit card} esetshenziswe kakhulu;Uma ufun aukonga imali najlo ngenyanga, ibhajethi ingakusiza. Ungafaka inani lemali ofuna ukuyonga kubhajethi yakho;15
Spending and Shopping Smart;Seed;MC;Ukuwonga ngempumeleo, udinga:;Izinhloso ezicacile;Ungabinazo izinhloso;Umbono ongacacile;Izinhloso ezingaqondile;Ukuze wonge ngempumelelo, udinga izinhloso ezicacile. Lezi zikusiza ukukukhuthaza ukonga bese zikusize ukukuqondisa ukuthi wonge malini;4
Spending and Shopping Smart;Retention;MC;Kungani izinhloso zibalulekile uma uwonga?;Ziyakukhuthaza kanye nokukuqondisa;Zenza ukuthi umoshe imali;Ziyakudida;Zenza ukuthi ulahlekelwe nemali;lzinhloso zibalulekile uma uwonga imali ngoba zikusiza ukukukhuthaza nokukuqondisa. Kubalulekile ukuzama ukwenza izinhloso uma uwonga imali, ikakhukukazi uma ufuna ukonga isikhathi eside;8
Spending and Shopping Smart;Retention;T/F;lzinhloso zokuwonga imali, zingaba cishe zesikhathi esifushane noma eside.;Iqiniso;Amanga;;;Izinhloso zokonga imali zingaba ngezesikhathi esifushane ({short}-{term}) noma eside ({long}-{term}). Ukonga imali kwesikathi eside kujwayele ukuba ngaphezulu konyaka;9
Spending and Shopping Smart;Retention;MC-AOTA;Kwezilandelayo yini engaba inhloso yokonga imali yesikhathi esifishane?;Zonke ezibaliwe;Ukongela izicathulo;Ukongela izimo ezisheshayo;Ukongela iholidi;lzinhloso zokuwonga imali zesikhathi esifishane zenzelwa izinto zekusasa eliseduze. Ungazenzela izinhloso zokuwonga imali zesikhathi esifishane ukuthenge into ebizayo, izimo ezisheshayo noma iholide;9
Spending and Shopping Smart;Retention;MC;lnhloso yokonga imali yesikhathi eside ingaba yini?;Ukwongela ukurithaya;Ukwongela iholide;Ukwongela ukuthenga i{TV};Ukwongela isimo esisheshayo;Ngokujwayelekile izinhloso zokonga imali zesikhathi eside zenzeka iminyaka eminingi, njengo konga imali yomhlalaphansi, indlu noma isikole somntwana;9
Spending and Shopping Smart;Retention;Y/N;lngabe izinhloso zabantu bonke zokonga imali ziyafana?;Cha;Yebo;;;lzinhloso zokuwonga imali zabantu bonke azifani. Abantu bafuna kanti babona izinto ngokuhlukana, ngakho ke abantu bonke banezinhloso ezingafani. Udinga ukuthola izinhloso ezihambelana nezimo zakho;10
Spending and Shopping Smart;Application;MC;Udinga ini ukonga imali ngempumelelo njalo ngenyanga?;Izinhloso ezicacile;Kungabi khona izinhloso;Ungabi nohlelo;Umbono ongacacile;Ukonga imali ngempumelelo njalo ngenyanga, udinga izinhloso ezicacile. Zingakusiza ukukukhuthaza nokukuqondisa uma uwonga;15
Putting money away;Seed;MC-AOTA;Ungayifaka kuphi imali ofuna ukuyonga?;Zonke ezibaliwe;Igcine iyimali kuwe;Igcine ku {savings account};Ungayi investa;Kunezindlela eziningi zokugcina imali ofuna ukuyonga. Ungayigcina kuyimali kuwe (yize lokhu kuyingozi), igcine ku {savings account} ekhethekile noma uyi investe;5
Putting money away;Retention;MC;Kungani ukugcina imali eyongiwe kuwe kuyingozi?;Ungayisebenzisa kalula noma ingantshontshwa;Ingandlulelwa isikhathi;Ingakhunta;Ingaba ndala ukuyisebenzisa;Ukugcina imali eyongiwe kuwe, kakhulukazi uma wongela inhloso yesikhathi eside, kungaba yingozi ngoba imali ingasetshenziswa kalula noma intshontshwe;9
Putting money away;Retention;MC;Ungacela ubani akusize ukonga imali ku {savings account}?;i{Bank} lakho noma isikhungo sezimali;Umbolekisi wezimali wakho;Umndeni wakho;Izikhulu zentela;Ungacela i{bank} lakho noma esinye isikhungo sezimali ukukusiza uma ufuna ukonga imali ku {savings account}. Kunama {account} ahlukile ukukusiza ukonga imali;9
Putting money away;Retention;MC;Kungani kungcono ukonga imali ku {account} kunokuyigcina iyimali kuwe?;Kuphephile kanti ingakhula inenzalo;Awudingi ukukhokha isikweletu sakho;Uthola isikweletu esinye;Ungenza isikweletu esinye;Kungcono ukonga imali ku {account} kunokuthi ibe imali ngoba imali engaphakathi kwe {account} iphephile kanti ungakhula nenzalo;10
Putting money away;Retention;MC;Yini enye futhi ongayikhetha ukusbenzisa imali oyongile?;Ungayi investa;Uyisebenzise;Wenze esinye isikweletu;Imoshe;Ungakwazi ukukhetha futhi uku investa imali oyongile. Ungenza lokhu ngokusebenzisa i{bank} lakho noma ezinye izikhungo zezimali;10
Putting money away;Retention;MC;Ungabuza bani ukukusiza uma ufuna uku{invest}a imali oyongile?;i{Bank} lakho noma isikhungo sezimali;Umbolekisi wezimali wakho;Abangani bakho;Umqoqi wezikweletu;Uma ufuna uku{invest}a imali, ungabuza i{bank} lakho noma enye i{Institution} yezimali ukukusiza. Khumbula uku-investa kungaba yingozi kanti kufanele usebenzise i{Institution} ehloniphekile;10
Putting money away;Application;MC;Kwezilandelayo, iyiphi indlela elungile yokugcina imali ewongiwe?;Ku {savings account};Ngaphansi kombhede;Phakathi kuyi {roof};Ngaphansi kwendlu yakho;Indlela elungile yokonga nokugcina imali ephephile i{savings account} e{bank} noma esikhungweni sezimali. Ukugcina imali ewongiwe kuwe kuyingozi;15
Putting money away;Application;MC;Uma wonga, kwezibaliwe, ikuphi okuphephile ongakwenza?;Ukuyi investa ne {bank} lakho;Ukuyi investa ne{banker} engafanelekile;Gcina imali kuwe;Mosha imali;Ungakhetha ukuyi investa imali oyongile kuma {bank} nezikhungo zezimali. Zama ukuqiniseka ukuthi uyi investa nesikhungo esihloniphekile esizovikela i{investment} yakho;16